                  epoch,         train/box_loss,         train/seg_loss,         train/obj_loss,         train/cls_loss,   metrics/precision(B),      metrics/recall(B),     metrics/mAP_0.5(B),metrics/mAP_0.5:0.95(B),   metrics/precision(M),      metrics/recall(M),     metrics/mAP_0.5(M),metrics/mAP_0.5:0.95(M),           val/box_loss,           val/seg_loss,           val/obj_loss,           val/cls_loss,                  x/lr0,                  x/lr1,                  x/lr2
                      0,                0.14531,                0.19989,              0.0070622,               0.050411,                      0,                      0,                      0,                      0,             0.00018811,               0.018519,              0.0005056,              5.056e-05,                0.15695,                0.22543,              0.0045047,               0.047778,                 0.0973,                 0.0003,                 0.0003
                      1,                 0.1452,                0.20978,               0.007151,               0.050742,                      0,                      0,                      0,                      0,                      0,                      0,                      0,                      0,                0.15503,                0.20515,              0.0045767,               0.047278,               0.093469,               0.000469,               0.000469
                      2,                0.14574,                0.20165,              0.0073344,               0.050547,             0.00019619,               0.016667,             0.00010542,             2.1083e-05,             0.00019619,               0.016667,             0.00010542,             1.0542e-05,                0.15627,                0.22491,              0.0044678,                0.04801,               0.089374,               0.000374,               0.000374
                      3,                      0,                      0,                      0,                      0,             0.00018832,               0.018519,              0.0005057,              5.057e-05,                0.15697,                0.22569,              0.0045023,               0.047791
